Workbook

Sheet Support Panel
D1: Планування | G1: Виконання | I1: Завершення | K1: Дедлайн
A3: Фази | B3: Задача | C3: Що входить | D3: Виконавець | E3: Старт | F3: Тривалість (дні, год, хв) | G3: Тривалість, дн | H3: Фініш | I3: =DATE(2026,10,26) -> 46321 | J3: =I3+1 -> 46322 | K3: =J3+1 -> 46323 | L3: =K3+1 -> 46324 | M3: =L3+1 -> 46325 | N3: =M3+1 -> 46326 | O3: =N3+1 -> 46327 | P3: =O3+1 -> 46328 | Q3: =P3+1 -> 46329 | ... EW3: =EV3+1 -> 46465
A4: ІНІЦІАЦІЯ ТА ПЛАНУВАННЯ | B4: Вимоги та Scope | C4: Збір вимог, цілі, конкуренти, MVP (спільне для 5 застосунків) | D4: Project Manager | E4: =DATE(2026,10,26) -> 46321 | F4: 4 год | G4: 1 | H4: =WORKDAY(E4,G4-1,'Неробочі дні'!$A$2:$A$3) -> 46321
B5: Планування проєкту | C5: Roadmap, WBS, RACI, ризики та календар (спільне для 5 застосунків) | D5: Project Manager | E5: =WORKDAY(H4,1,'Неробочі дні'!$A$2:$A$3) -> 46322 | F5: 4 год | G5: 1 | H5: =WORKDAY(E5,G5-1,'Неробочі дні'!$A$2:$A$3) -> 46322
B6: Уточнення плану застосунку | C6: Залежності, задачі й ресурсна оцінка | D6: Project Manager | E6: =WORKDAY(H5,3,'Неробочі дні'!$A$2:$A$3) -> 46325 | F6: 2 год | G6: 1 | H6: =WORKDAY(E6,G6-1,'Неробочі дні'!$A$2:$A$3) -> 46325
B7: Підтвердження Scope із замовником | C7: PM надсилає перелік функцій та основні строки; очікування не є роботою PM | D7: PM / Замовник | E7: =WORKDAY(H6,1,'Неробочі дні'!$A$2:$A$3) -> 46328 | F7: 30 хв | G7: 1 | H7: =WORKDAY(E7,G7-1,'Неробочі дні'!$A$2:$A$3) -> 46328
A8: ВИКОНАННЯ (ДИЗАЙН І РОЗРОБКА) | B8: Support Panel — Макети та прототип | C8: Дизайнер готує макети, погоджує рішення з командою | D8: UX/UI Designer | E8: =WORKDAY(MAX(H7,'Admin Panel'!H10),1,'Неробочі дні'!$A$2:$A$3) -> 46356 | F8: 2 дні 3 год | G8: 3 | H8: =WORKDAY(E8,G8-1,'Неробочі дні'!$A$2:$A$3) -> 46358
B9: Support Panel — Рев’ю дизайну | C9: PM перевіряє макети, передає замовнику; дизайнер переходить до наступного застосунку | D9: Project Manager | E9: =WORKDAY(H8,1,'Неробочі дні'!$A$2:$A$3) -> 46359 | F9: 1 год 30 хв | G9: 1 | H9: =WORKDAY(E9,G9-1,'Неробочі дні'!$A$2:$A$3) -> 46359
B10: Support Panel — Правки UX/UI | C10: Дизайнер враховує коментарі й фіналізує макети | D10: UX/UI Designer | E10: =WORKDAY(H9,1,'Неробочі дні'!$A$2:$A$3) -> 46360 | F10: 4 год | G10: 1 | H10: =WORKDAY(E10,G10-1,'Неробочі дні'!$A$2:$A$3) -> 46360
B11: Support Panel — Backend: API-основа | C11: База даних, авторизація й API-контракт | D11: Backend Developer | E11: =WORKDAY(MAX(H10,'Admin Panel'!H18),1,'Неробочі дні'!$A$2:$A$3) -> 46420 | F11: 1 день 6 год 52 хв | G11: 3 | H11: =WORKDAY(E11,G11-1,'Неробочі дні'!$A$2:$A$3) -> 46422
B12: Support Panel — Backend: реалізація | C12: Бізнес-логіка, API, unit tests, перевірка інтеграцій | D12: Backend Developer | E12: =WORKDAY(H11,1,'Неробочі дні'!$A$2:$A$3) -> 46423 | F12: 2 дні 6 год 17 хв | G12: 3 | H12: =WORKDAY(E12,G12-1,'Неробочі дні'!$A$2:$A$3) -> 46427
B13: Support Panel — Frontend: основа | C13: Макети, екрани та mock API | D13: Frontend Developer | E13: =WORKDAY(MAX(H11,'Admin Panel'!H19),1,'Неробочі дні'!$A$2:$A$3) -> 46423 | F13: 1 день 7 год 52 хв | G13: 3 | H13: =WORKDAY(E13,G13-1,'Неробочі дні'!$A$2:$A$3) -> 46427
B14: Support Panel — Frontend: функції | C14: Інтеграція API, функції, unit tests | D14: Frontend Developer | E14: =WORKDAY(MAX(H13,H12),1,'Неробочі дні'!$A$2:$A$3) -> 46428 | F14: 2 дні 7 год 48 хв | G14: 3 | H14: =WORKDAY(E14,G14-1,'Неробочі дні'!$A$2:$A$3) -> 46430
B15: Support Panel — DevOps | C15: Налаштування середовища, CI/CD та тестовий запуск | D15: DevOps Engineer | E15: =WORKDAY(H11,1,'Неробочі дні'!$A$2:$A$3) -> 46423 | F15: 1 год 21 хв | G15: 1 | H15: =WORKDAY(E15,G15-1,'Неробочі дні'!$A$2:$A$3) -> 46423
B16: Support Panel — Первинне QA | C16: Функціональні тести, баг-репорти та перевірка сценаріїв | D16: QA Engineer | E16: =WORKDAY(MAX(H14,H15),1,'Неробочі дні'!$A$2:$A$3) -> 46433 | F16: 5 год 41 хв | G16: 1 | H16: =WORKDAY(E16,G16-1,'Неробочі дні'!$A$2:$A$3) -> 46433
B17: Support Panel — Демо замовнику | C17: PM презентує MVP і збирає зауваження | D17: Project Manager | E17: =WORKDAY(H16,1,'Неробочі дні'!$A$2:$A$3) -> 46434 | F17: 1 год | G17: 1 | H17: =WORKDAY(E17,G17-1,'Неробочі дні'!$A$2:$A$3) -> 46434
B18: Support Panel — Backend: правки | C18: Виправлення серверної частини за результатами демо | D18: Backend Developer | E18: =WORKDAY(H17,1,'Неробочі дні'!$A$2:$A$3) -> 46435 | F18: 6 год | G18: 1 | H18: =WORKDAY(E18,G18-1,'Неробочі дні'!$A$2:$A$3) -> 46435
B19: Support Panel — Frontend: правки | C19: Виправлення інтерфейсу за результатами демо | D19: Frontend Developer | E19: =WORKDAY(H17,1,'Неробочі дні'!$A$2:$A$3) -> 46435 | F19: 6 год 12 хв | G19: 1 | H19: =WORKDAY(E19,G19-1,'Неробочі дні'!$A$2:$A$3) -> 46435
B20: Support Panel — Повторне QA | C20: QA перевіряє виправлення після розробників | D20: QA Engineer | E20: =WORKDAY(MAX(H18,H19),1,'Неробочі дні'!$A$2:$A$3) -> 46436 | F20: 2 год 26 хв | G20: 1 | H20: =WORKDAY(E20,G20-1,'Неробочі дні'!$A$2:$A$3) -> 46436
B21: Support Panel — Фінальне погодження | C21: PM передає перевірений результат замовнику | D21: Project Manager | E21: =WORKDAY(H20,1,'Неробочі дні'!$A$2:$A$3) -> 46437 | F21: 30 хв | G21: 1 | H21: =WORKDAY(E21,G21-1,'Неробочі дні'!$A$2:$A$3) -> 46437
B22: Support Panel — Постійний контроль PM | C22: PM перевіряє прогрес дизайну, розробки, QA, усуває блокери та контролює строки упродовж усього виконання | D22: Project Manager | E22: =E8 -> 46356 | F22: 6 год 28 хв | G22: =NETWORKDAYS(E22,H21,'Неробочі дні'!$A$2:$A$3) -> 58 | H22: =WORKDAY(E22,G22-1,'Неробочі дні'!$A$2:$A$3) -> 46437
A23: ЗАВЕРШЕННЯ ТА ПЕРЕДАЧА | B23: Підготовка плану запуску | C23: План запуску цього застосунку після його погодження; підготовка до спільного випуску | D23: PM / Backend / DevOps | E23: =WORKDAY(H21,1,'Неробочі дні'!$A$2:$A$3) -> 46440 | F23: 2 год | G23: 2 | H23: =WORKDAY(E23,G23-1,'Неробочі дні'!$A$2:$A$3) -> 46441
B24: Перевірка релізної збірки | C24: Регресійне тестування готового застосунку до спільного випуску | D24: QA Engineer | E24: =WORKDAY(H23,1,'Неробочі дні'!$A$2:$A$3) -> 46442 | F24: 31 хв 30 с | G24: 2 | H24: =WORKDAY(E24,G24-1,'Неробочі дні'!$A$2:$A$3) -> 46443
B25: Розгортання без відкриття доступу | C25: Підготовка й перевірка середовища та збірки; користувачі ще не отримують доступ | D25: DevOps Engineer | E25: =WORKDAY(H24,1,'Неробочі дні'!$A$2:$A$3) -> 46444 | F25: 1 год 45 хв | G25: 2 | H25: =WORKDAY(E25,G25-1,'Неробочі дні'!$A$2:$A$3) -> 46447
B26: Погодження готовності застосунку | C26: Команда підтверджує готовність цього застосунку до спільного випуску | D26: PM / Backend / DevOps / QA | E26: =WORKDAY(H25,1,'Неробочі дні'!$A$2:$A$3) -> 46448 | F26: 42 хв | G26: 1 | H26: =WORKDAY(E26,G26-1,'Неробочі дні'!$A$2:$A$3) -> 46448
B27: Спільне інтеграційне тестування | C27: Наскрізне замовлення: користувач, ресторан, кур’єр, адміністратор і підтримка | D27: QA / Backend | E27: =WORKDAY(MAX('Support Panel'!H26,'Admin Panel'!H26,'Restaurant App'!H26,'Courier App'!H26,'User App'!H26),1,'Неробочі дні'!$A$2:$A$3) -> 46449 | F27: 31 хв 30 с | G27: 1 | H27: =WORKDAY(E27,G27-1,'Неробочі дні'!$A$2:$A$3) -> 46449
B28: Спільний реліз Mega Delivery | C28: Одночасне відкриття доступу до всієї системи після готовності 5 застосунків | D28: PM / DevOps / QA | E28: =WORKDAY(MAX('Support Panel'!H27,'Admin Panel'!H27,'Restaurant App'!H27,'Courier App'!H27,'User App'!H27),1,'Неробочі дні'!$A$2:$A$3) -> 46450 | F28: 0 год (віха) | G28: 0 | H28: =E28 -> 46450
B29: Післярелізний моніторинг | C29: Контроль роботи після запуску — частка Support Panel у спільному релізі | D29: PM / Backend / DevOps / QA | E29: =WORKDAY(H28,1,'Неробочі дні'!$A$2:$A$3) -> 46451 | F29: 1 год 3 хв | G29: 1 | H29: =WORKDAY(E29,G29-1,'Неробочі дні'!$A$2:$A$3) -> 46451
B30: * Червоні рамки — можливі затримки та їхні наслідки. Наведіть курсор для пояснення. Окремі сценарії не підсумовуються.

Sheet Admin Panel
D1: Планування | G1: Виконання | I1: Завершення | K1: Дедлайн
A3: Фази | B3: Задача | C3: Що входить | D3: Виконавець | E3: Старт | F3: Тривалість (дні, год, хв) | G3: Тривалість, дн | H3: Фініш | I3: =DATE(2026,10,26) -> 46321 | J3: =I3+1 -> 46322 | K3: =J3+1 -> 46323 | L3: =K3+1 -> 46324 | M3: =L3+1 -> 46325 | N3: =M3+1 -> 46326 | O3: =N3+1 -> 46327 | P3: =O3+1 -> 46328 | Q3: =P3+1 -> 46329 | ... EW3: =EV3+1 -> 46465
A4: ІНІЦІАЦІЯ ТА ПЛАНУВАННЯ | B4: Вимоги та Scope | C4: Збір вимог, цілі, конкуренти, MVP (спільне для 5 застосунків) | D4: Project Manager | E4: =DATE(2026,10,26) -> 46321 | F4: 4 год | G4: 1 | H4: =WORKDAY(E4,G4-1,'Неробочі дні'!$A$2:$A$3) -> 46321
B5: Планування проєкту | C5: Roadmap, WBS, RACI, ризики та календар (спільне для 5 застосунків) | D5: Project Manager | E5: =WORKDAY(H4,1,'Неробочі дні'!$A$2:$A$3) -> 46322 | F5: 4 год | G5: 1 | H5: =WORKDAY(E5,G5-1,'Неробочі дні'!$A$2:$A$3) -> 46322
B6: Уточнення плану застосунку | C6: Залежності, задачі й ресурсна оцінка | D6: Project Manager | E6: =WORKDAY(H5,2,'Неробочі дні'!$A$2:$A$3) -> 46324 | F6: 2 год | G6: 1 | H6: =WORKDAY(E6,G6-1,'Неробочі дні'!$A$2:$A$3) -> 46324
B7: Підтвердження Scope із замовником | C7: PM надсилає перелік функцій та основні строки; очікування не є роботою PM | D7: PM / Замовник | E7: =WORKDAY(H6,1,'Неробочі дні'!$A$2:$A$3) -> 46325 | F7: 30 хв | G7: 1 | H7: =WORKDAY(E7,G7-1,'Неробочі дні'!$A$2:$A$3) -> 46325
A8: ВИКОНАННЯ (ДИЗАЙН І РОЗРОБКА) | B8: Admin Panel — Макети та прототип | C8: Дизайнер готує макети, погоджує рішення з командою | D8: UX/UI Designer | E8: =WORKDAY(MAX(H7,'Restaurant App'!H10),1,'Неробочі дні'!$A$2:$A$3) -> 46349 | F8: 2 дні 3 год | G8: 3 | H8: =WORKDAY(E8,G8-1,'Неробочі дні'!$A$2:$A$3) -> 46351
B9: Admin Panel — Рев’ю дизайну | C9: PM перевіряє макети, передає замовнику; дизайнер переходить до наступного застосунку | D9: Project Manager | E9: =WORKDAY(H8,1,'Неробочі дні'!$A$2:$A$3) -> 46352 | F9: 1 год 30 хв | G9: 1 | H9: =WORKDAY(E9,G9-1,'Неробочі дні'!$A$2:$A$3) -> 46352
B10: Admin Panel — Правки UX/UI | C10: Дизайнер враховує коментарі й фіналізує макети | D10: UX/UI Designer | E10: =WORKDAY(H9,1,'Неробочі дні'!$A$2:$A$3) -> 46353 | F10: 4 год | G10: 1 | H10: =WORKDAY(E10,G10-1,'Неробочі дні'!$A$2:$A$3) -> 46353
B11: Admin Panel — Backend: API-основа | C11: База даних, авторизація й API-контракт | D11: Backend Developer | E11: =WORKDAY(MAX(H10,'Restaurant App'!H18),1,'Неробочі дні'!$A$2:$A$3) -> 46402 | F11: 1 день 7 год 22 хв | G11: 3 | H11: =WORKDAY(E11,G11-1,'Неробочі дні'!$A$2:$A$3) -> 46406
B12: Admin Panel — Backend: реалізація | C12: Бізнес-логіка, API, unit tests, перевірка інтеграцій | D12: Backend Developer | E12: =WORKDAY(H11,1,'Неробочі дні'!$A$2:$A$3) -> 46407 | F12: 2 дні 7 год 3 хв | G12: 3 | H12: =WORKDAY(E12,G12-1,'Неробочі дні'!$A$2:$A$3) -> 46409
B13: Admin Panel — Frontend: основа | C13: Макети, екрани та mock API | D13: Frontend Developer | E13: =WORKDAY(MAX(H11,'Restaurant App'!H19),1,'Неробочі дні'!$A$2:$A$3) -> 46407 | F13: 1 день 7 год 52 хв | G13: 3 | H13: =WORKDAY(E13,G13-1,'Неробочі дні'!$A$2:$A$3) -> 46409
B14: Admin Panel — Frontend: функції | C14: Інтеграція API, функції, unit tests | D14: Frontend Developer | E14: =WORKDAY(MAX(H13,H12),1,'Неробочі дні'!$A$2:$A$3) -> 46412 | F14: 2 дні 7 год 48 хв | G14: 3 | H14: =WORKDAY(E14,G14-1,'Неробочі дні'!$A$2:$A$3) -> 46414
B15: Admin Panel — DevOps | C15: Налаштування середовища, CI/CD та тестовий запуск | D15: DevOps Engineer | E15: =WORKDAY(H11,1,'Неробочі дні'!$A$2:$A$3) -> 46407 | F15: 1 год 21 хв | G15: 1 | H15: =WORKDAY(E15,G15-1,'Неробочі дні'!$A$2:$A$3) -> 46407
B16: Admin Panel — Первинне QA | C16: Функціональні тести, баг-репорти та перевірка сценаріїв | D16: QA Engineer | E16: =WORKDAY(MAX(H14,H15),1,'Неробочі дні'!$A$2:$A$3) -> 46415 | F16: 5 год 46 хв | G16: 1 | H16: =WORKDAY(E16,G16-1,'Неробочі дні'!$A$2:$A$3) -> 46415
B17: Admin Panel — Демо замовнику | C17: PM презентує MVP і збирає зауваження | D17: Project Manager | E17: =WORKDAY(H16,1,'Неробочі дні'!$A$2:$A$3) -> 46416 | F17: 1 год | G17: 1 | H17: =WORKDAY(E17,G17-1,'Неробочі дні'!$A$2:$A$3) -> 46416
B18: Admin Panel — Backend: правки | C18: Виправлення серверної частини за результатами демо | D18: Backend Developer | E18: =WORKDAY(H17,1,'Неробочі дні'!$A$2:$A$3) -> 46419 | F18: 6 год 12 хв | G18: 1 | H18: =WORKDAY(E18,G18-1,'Неробочі дні'!$A$2:$A$3) -> 46419
B19: Admin Panel — Frontend: правки | C19: Виправлення інтерфейсу за результатами демо | D19: Frontend Developer | E19: =WORKDAY(H17,1,'Неробочі дні'!$A$2:$A$3) -> 46419 | F19: 6 год 12 хв | G19: 1 | H19: =WORKDAY(E19,G19-1,'Неробочі дні'!$A$2:$A$3) -> 46419
B20: Admin Panel — Повторне QA | C20: QA перевіряє виправлення після розробників | D20: QA Engineer | E20: =WORKDAY(MAX(H18,H19),1,'Неробочі дні'!$A$2:$A$3) -> 46420 | F20: 2 год 28 хв | G20: 1 | H20: =WORKDAY(E20,G20-1,'Неробочі дні'!$A$2:$A$3) -> 46420
B21: Admin Panel — Фінальне погодження | C21: PM передає перевірений результат замовнику | D21: Project Manager | E21: =WORKDAY(H20,1,'Неробочі дні'!$A$2:$A$3) -> 46421 | F21: 30 хв | G21: 1 | H21: =WORKDAY(E21,G21-1,'Неробочі дні'!$A$2:$A$3) -> 46421
B22: Admin Panel — Постійний контроль PM | C22: PM перевіряє прогрес дизайну, розробки, QA, усуває блокери та контролює строки упродовж усього виконання | D22: Project Manager | E22: =E8 -> 46349 | F22: 6 год 39 хв | G22: =NETWORKDAYS(E22,H21,'Неробочі дні'!$A$2:$A$3) -> 51 | H22: =WORKDAY(E22,G22-1,'Неробочі дні'!$A$2:$A$3) -> 46421
A23: ЗАВЕРШЕННЯ ТА ПЕРЕДАЧА | B23: Підготовка плану запуску | C23: План запуску цього застосунку після його погодження; підготовка до спільного випуску | D23: PM / Backend / DevOps | E23: =WORKDAY(H21,1,'Неробочі дні'!$A$2:$A$3) -> 46422 | F23: 2 год | G23: 2 | H23: =WORKDAY(E23,G23-1,'Неробочі дні'!$A$2:$A$3) -> 46423
B24: Перевірка релізної збірки | C24: Регресійне тестування готового застосунку до спільного випуску | D24: QA Engineer | E24: =WORKDAY(H23,1,'Неробочі дні'!$A$2:$A$3) -> 46426 | F24: 31 хв 30 с | G24: 2 | H24: =WORKDAY(E24,G24-1,'Неробочі дні'!$A$2:$A$3) -> 46427
B25: Розгортання без відкриття доступу | C25: Підготовка й перевірка середовища та збірки; користувачі ще не отримують доступ | D25: DevOps Engineer | E25: =WORKDAY(H24,1,'Неробочі дні'!$A$2:$A$3) -> 46428 | F25: 1 год 45 хв | G25: 2 | H25: =WORKDAY(E25,G25-1,'Неробочі дні'!$A$2:$A$3) -> 46429
B26: Погодження готовності застосунку | C26: Команда підтверджує готовність цього застосунку до спільного випуску | D26: PM / Backend / DevOps / QA | E26: =WORKDAY(H25,1,'Неробочі дні'!$A$2:$A$3) -> 46430 | F26: 42 хв | G26: 1 | H26: =WORKDAY(E26,G26-1,'Неробочі дні'!$A$2:$A$3) -> 46430
B27: Спільне інтеграційне тестування | C27: Наскрізне замовлення: користувач, ресторан, кур’єр, адміністратор і підтримка | D27: QA / Backend | E27: =WORKDAY(MAX('Support Panel'!H26,'Admin Panel'!H26,'Restaurant App'!H26,'Courier App'!H26,'User App'!H26),1,'Неробочі дні'!$A$2:$A$3) -> 46449 | F27: 31 хв 30 с | G27: 1 | H27: =WORKDAY(E27,G27-1,'Неробочі дні'!$A$2:$A$3) -> 46449
B28: Спільний реліз Mega Delivery | C28: Одночасне відкриття доступу до всієї системи після готовності 5 застосунків | D28: PM / DevOps / QA | E28: =WORKDAY(MAX('Support Panel'!H27,'Admin Panel'!H27,'Restaurant App'!H27,'Courier App'!H27,'User App'!H27),1,'Неробочі дні'!$A$2:$A$3) -> 46450 | F28: 0 год (віха) | G28: 0 | H28: =E28 -> 46450
B29: Післярелізний моніторинг | C29: Контроль роботи після запуску — частка Admin Panel у спільному релізі | D29: PM / Backend / DevOps / QA | E29: =WORKDAY(H28,1,'Неробочі дні'!$A$2:$A$3) -> 46451 | F29: 1 год 3 хв | G29: 1 | H29: =WORKDAY(E29,G29-1,'Неробочі дні'!$A$2:$A$3) -> 46451
B30: * Червоні рамки — можливі затримки та їхні наслідки. Наведіть курсор для пояснення. Окремі сценарії не підсумовуються.

Sheet Restaurant App
D1: Планування | G1: Виконання | I1: Завершення | K1: Дедлайн
A3: Фази | B3: Задача | C3: Що входить | D3: Виконавець | E3: Старт | F3: Тривалість (дні, год, хв) | G3: Тривалість, дн | H3: Фініш | I3: =DATE(2026,10,26) -> 46321 | J3: =I3+1 -> 46322 | K3: =J3+1 -> 46323 | L3: =K3+1 -> 46324 | M3: =L3+1 -> 46325 | N3: =M3+1 -> 46326 | O3: =N3+1 -> 46327 | P3: =O3+1 -> 46328 | Q3: =P3+1 -> 46329 | ... EW3: =EV3+1 -> 46465
A4: ІНІЦІАЦІЯ ТА ПЛАНУВАННЯ | B4: Вимоги та Scope | C4: Збір вимог, цілі, конкуренти, MVP (спільне для 5 застосунків) | D4: Project Manager | E4: =DATE(2026,10,26) -> 46321 | F4: 4 год | G4: 1 | H4: =WORKDAY(E4,G4-1,'Неробочі дні'!$A$2:$A$3) -> 46321
B5: Планування проєкту | C5: Roadmap, WBS, RACI, ризики та календар (спільне для 5 застосунків) | D5: Project Manager | E5: =WORKDAY(H4,1,'Неробочі дні'!$A$2:$A$3) -> 46322 | F5: 4 год | G5: 1 | H5: =WORKDAY(E5,G5-1,'Неробочі дні'!$A$2:$A$3) -> 46322
B6: Уточнення плану застосунку | C6: Залежності, задачі й ресурсна оцінка | D6: Project Manager | E6: =WORKDAY(H5,2,'Неробочі дні'!$A$2:$A$3) -> 46324 | F6: 2 год | G6: 1 | H6: =WORKDAY(E6,G6-1,'Неробочі дні'!$A$2:$A$3) -> 46324
B7: Підтвердження Scope із замовником | C7: PM надсилає перелік функцій та основні строки; очікування не є роботою PM | D7: PM / Замовник | E7: =WORKDAY(H6,1,'Неробочі дні'!$A$2:$A$3) -> 46325 | F7: 30 хв | G7: 1 | H7: =WORKDAY(E7,G7-1,'Неробочі дні'!$A$2:$A$3) -> 46325
A8: ВИКОНАННЯ (ДИЗАЙН І РОЗРОБКА) | B8: Restaurant App — Макети та прототип | C8: Дизайнер готує макети, погоджує рішення з командою | D8: UX/UI Designer | E8: =WORKDAY(MAX(H7,'Courier App'!H10),1,'Неробочі дні'!$A$2:$A$3) -> 46342 | F8: 2 дні 6 год 27 хв | G8: 3 | H8: =WORKDAY(E8,G8-1,'Неробочі дні'!$A$2:$A$3) -> 46344
B9: Restaurant App — Рев’ю дизайну | C9: PM перевіряє макети, передає замовнику; дизайнер переходить до наступного застосунку | D9: Project Manager | E9: =WORKDAY(H8,1,'Неробочі дні'!$A$2:$A$3) -> 46345 | F9: 1 год 30 хв | G9: 1 | H9: =WORKDAY(E9,G9-1,'Неробочі дні'!$A$2:$A$3) -> 46345
B10: Restaurant App — Правки UX/UI | C10: Дизайнер враховує коментарі й фіналізує макети | D10: UX/UI Designer | E10: =WORKDAY(H9,1,'Неробочі дні'!$A$2:$A$3) -> 46346 | F10: 4 год | G10: 1 | H10: =WORKDAY(E10,G10-1,'Неробочі дні'!$A$2:$A$3) -> 46346
B11: Restaurant App — Backend: API-основа | C11: База даних, авторизація й API-контракт | D11: Backend Developer | E11: =WORKDAY(MAX(H10,'Courier App'!H18),1,'Неробочі дні'!$A$2:$A$3) -> 46380 | F11: 2 дні 54 хв | G11: 3 | H11: =WORKDAY(E11,G11-1,'Неробочі дні'!$A$2:$A$3) -> 46385
B12: Restaurant App — Backend: реалізація | C12: Бізнес-логіка, API, unit tests, перевірка інтеграцій | D12: Backend Developer | E12: =WORKDAY(H11,1,'Неробочі дні'!$A$2:$A$3) -> 46386 | F12: 3 дні 1 год 22 хв | G12: 4 | H12: =WORKDAY(E12,G12-1,'Неробочі дні'!$A$2:$A$3) -> 46392
B13: Restaurant App — Frontend: основа | C13: Макети, екрани та mock API | D13: Frontend Developer | E13: =WORKDAY(MAX(H11,'Courier App'!H19),1,'Неробочі дні'!$A$2:$A$3) -> 46386 | F13: 2 дні 54 хв | G13: 3 | H13: =WORKDAY(E13,G13-1,'Неробочі дні'!$A$2:$A$3) -> 46391
B14: Restaurant App — Frontend: функції | C14: Інтеграція API, функції, unit tests | D14: Frontend Developer | E14: =WORKDAY(MAX(H13,H12),1,'Неробочі дні'!$A$2:$A$3) -> 46393 | F14: 3 дні 1 год 21 хв | G14: 4 | H14: =WORKDAY(E14,G14-1,'Неробочі дні'!$A$2:$A$3) -> 46398
B15: Restaurant App — DevOps | C15: Налаштування середовища, CI/CD та тестовий запуск | D15: DevOps Engineer | E15: =WORKDAY(H11,1,'Неробочі дні'!$A$2:$A$3) -> 46386 | F15: 2 год 30 хв | G15: 1 | H15: =WORKDAY(E15,G15-1,'Неробочі дні'!$A$2:$A$3) -> 46386
B16: Restaurant App — Первинне QA | C16: Функціональні тести, баг-репорти та перевірка сценаріїв | D16: QA Engineer | E16: =WORKDAY(MAX(H14,H15),1,'Неробочі дні'!$A$2:$A$3) -> 46399 | F16: 6 год 24 хв | G16: 1 | H16: =WORKDAY(E16,G16-1,'Неробочі дні'!$A$2:$A$3) -> 46399
B17: Restaurant App — Демо замовнику | C17: PM презентує MVP і збирає зауваження | D17: Project Manager | E17: =WORKDAY(H16,1,'Неробочі дні'!$A$2:$A$3) -> 46400 | F17: 1 год | G17: 1 | H17: =WORKDAY(E17,G17-1,'Неробочі дні'!$A$2:$A$3) -> 46400
B18: Restaurant App — Backend: правки | C18: Виправлення серверної частини за результатами демо | D18: Backend Developer | E18: =WORKDAY(H17,1,'Неробочі дні'!$A$2:$A$3) -> 46401 | F18: 6 год 48 хв | G18: 1 | H18: =WORKDAY(E18,G18-1,'Неробочі дні'!$A$2:$A$3) -> 46401
B19: Restaurant App — Frontend: правки | C19: Виправлення інтерфейсу за результатами демо | D19: Frontend Developer | E19: =WORKDAY(H17,1,'Неробочі дні'!$A$2:$A$3) -> 46401 | F19: 6 год 36 хв | G19: 1 | H19: =WORKDAY(E19,G19-1,'Неробочі дні'!$A$2:$A$3) -> 46401
B20: Restaurant App — Повторне QA | C20: QA перевіряє виправлення після розробників | D20: QA Engineer | E20: =WORKDAY(MAX(H18,H19),1,'Неробочі дні'!$A$2:$A$3) -> 46402 | F20: 2 год 45 хв | G20: 1 | H20: =WORKDAY(E20,G20-1,'Неробочі дні'!$A$2:$A$3) -> 46402
B21: Restaurant App — Фінальне погодження | C21: PM передає перевірений результат замовнику | D21: Project Manager | E21: =WORKDAY(H20,1,'Неробочі дні'!$A$2:$A$3) -> 46405 | F21: 30 хв | G21: 1 | H21: =WORKDAY(E21,G21-1,'Неробочі дні'!$A$2:$A$3) -> 46405
B22: Restaurant App — Постійний контроль PM | C22: PM перевіряє прогрес дизайну, розробки, QA, усуває блокери та контролює строки упродовж усього виконання | D22: Project Manager | E22: =E8 -> 46342 | F22: 1 день 2 хв | G22: =NETWORKDAYS(E22,H21,'Неробочі дні'!$A$2:$A$3) -> 44 | H22: =WORKDAY(E22,G22-1,'Неробочі дні'!$A$2:$A$3) -> 46405
A23: ЗАВЕРШЕННЯ ТА ПЕРЕДАЧА | B23: Підготовка плану запуску | C23: План запуску цього застосунку після його погодження; підготовка до спільного випуску | D23: PM / Backend / DevOps | E23: =WORKDAY(H21,1,'Неробочі дні'!$A$2:$A$3) -> 46406 | F23: 2 год | G23: 2 | H23: =WORKDAY(E23,G23-1,'Неробочі дні'!$A$2:$A$3) -> 46407
B24: Перевірка релізної збірки | C24: Регресійне тестування готового застосунку до спільного випуску | D24: QA Engineer | E24: =WORKDAY(H23,1,'Неробочі дні'!$A$2:$A$3) -> 46408 | F24: 31 хв 30 с | G24: 2 | H24: =WORKDAY(E24,G24-1,'Неробочі дні'!$A$2:$A$3) -> 46409
B25: Розгортання без відкриття доступу | C25: Підготовка й перевірка середовища та збірки; користувачі ще не отримують доступ | D25: DevOps Engineer | E25: =WORKDAY(H24,1,'Неробочі дні'!$A$2:$A$3) -> 46412 | F25: 1 год 45 хв | G25: 2 | H25: =WORKDAY(E25,G25-1,'Неробочі дні'!$A$2:$A$3) -> 46413
B26: Погодження готовності застосунку | C26: Команда підтверджує готовність цього застосунку до спільного випуску | D26: PM / Backend / DevOps / QA | E26: =WORKDAY(H25,1,'Неробочі дні'!$A$2:$A$3) -> 46414 | F26: 42 хв | G26: 1 | H26: =WORKDAY(E26,G26-1,'Неробочі дні'!$A$2:$A$3) -> 46414
B27: Спільне інтеграційне тестування | C27: Наскрізне замовлення: користувач, ресторан, кур’єр, адміністратор і підтримка | D27: QA / Backend | E27: =WORKDAY(MAX('Support Panel'!H26,'Admin Panel'!H26,'Restaurant App'!H26,'Courier App'!H26,'User App'!H26),1,'Неробочі дні'!$A$2:$A$3) -> 46449 | F27: 31 хв 30 с | G27: 1 | H27: =WORKDAY(E27,G27-1,'Неробочі дні'!$A$2:$A$3) -> 46449
B28: Спільний реліз Mega Delivery | C28: Одночасне відкриття доступу до всієї системи після готовності 5 застосунків | D28: PM / DevOps / QA | E28: =WORKDAY(MAX('Support Panel'!H27,'Admin Panel'!H27,'Restaurant App'!H27,'Courier App'!H27,'User App'!H27),1,'Неробочі дні'!$A$2:$A$3) -> 46450 | F28: 0 год (віха) | G28: 0 | H28: =E28 -> 46450
B29: Післярелізний моніторинг | C29: Контроль роботи після запуску — частка Restaurant App у спільному релізі | D29: PM / Backend / DevOps / QA | E29: =WORKDAY(H28,1,'Неробочі дні'!$A$2:$A$3) -> 46451 | F29: 1 год 3 хв | G29: 1 | H29: =WORKDAY(E29,G29-1,'Неробочі дні'!$A$2:$A$3) -> 46451
B30: * Червоні рамки — можливі затримки та їхні наслідки. Наведіть курсор для пояснення. Окремі сценарії не підсумовуються.

Sheet Courier App
D1: Планування | G1: Виконання | I1: Завершення | K1: Дедлайн
A3: Фази | B3: Задача | C3: Що входить | D3: Виконавець | E3: Старт | F3: Тривалість (дні, год, хв) | G3: Тривалість, дн | H3: Фініш | I3: =DATE(2026,10,26) -> 46321 | J3: =I3+1 -> 46322 | K3: =J3+1 -> 46323 | L3: =K3+1 -> 46324 | M3: =L3+1 -> 46325 | N3: =M3+1 -> 46326 | O3: =N3+1 -> 46327 | P3: =O3+1 -> 46328 | Q3: =P3+1 -> 46329 | ... EW3: =EV3+1 -> 46465
A4: ІНІЦІАЦІЯ ТА ПЛАНУВАННЯ | B4: Вимоги та Scope | C4: Збір вимог, цілі, конкуренти, MVP (спільне для 5 застосунків) | D4: Project Manager | E4: =DATE(2026,10,26) -> 46321 | F4: 4 год | G4: 1 | H4: =WORKDAY(E4,G4-1,'Неробочі дні'!$A$2:$A$3) -> 46321
B5: Планування проєкту | C5: Roadmap, WBS, RACI, ризики та календар (спільне для 5 застосунків) | D5: Project Manager | E5: =WORKDAY(H4,1,'Неробочі дні'!$A$2:$A$3) -> 46322 | F5: 4 год | G5: 1 | H5: =WORKDAY(E5,G5-1,'Неробочі дні'!$A$2:$A$3) -> 46322
B6: Уточнення плану застосунку | C6: Залежності, задачі й ресурсна оцінка | D6: Project Manager | E6: =WORKDAY(H5,1,'Неробочі дні'!$A$2:$A$3) -> 46323 | F6: 2 год | G6: 1 | H6: =WORKDAY(E6,G6-1,'Неробочі дні'!$A$2:$A$3) -> 46323
B7: Підтвердження Scope із замовником | C7: PM надсилає перелік функцій та основні строки; очікування не є роботою PM | D7: PM / Замовник | E7: =WORKDAY(H6,1,'Неробочі дні'!$A$2:$A$3) -> 46324 | F7: 30 хв | G7: 1 | H7: =WORKDAY(E7,G7-1,'Неробочі дні'!$A$2:$A$3) -> 46324
A8: ВИКОНАННЯ (ДИЗАЙН І РОЗРОБКА) | B8: Courier App — Макети та прототип | C8: Дизайнер готує макети, погоджує рішення з командою | D8: UX/UI Designer | E8: =WORKDAY(MAX(H7,'User App'!H10),1,'Неробочі дні'!$A$2:$A$3) -> 46335 | F8: 2 дні 7 год 36 хв | G8: 3 | H8: =WORKDAY(E8,G8-1,'Неробочі дні'!$A$2:$A$3) -> 46337
B9: Courier App — Рев’ю дизайну | C9: PM перевіряє макети, передає замовнику; дизайнер переходить до наступного застосунку | D9: Project Manager | E9: =WORKDAY(H8,1,'Неробочі дні'!$A$2:$A$3) -> 46338 | F9: 1 год 30 хв | G9: 1 | H9: =WORKDAY(E9,G9-1,'Неробочі дні'!$A$2:$A$3) -> 46338
B10: Courier App — Правки UX/UI | C10: Дизайнер враховує коментарі й фіналізує макети | D10: UX/UI Designer | E10: =WORKDAY(H9,1,'Неробочі дні'!$A$2:$A$3) -> 46339 | F10: 4 год | G10: 1 | H10: =WORKDAY(E10,G10-1,'Неробочі дні'!$A$2:$A$3) -> 46339
B11: Courier App — Backend: API-основа | C11: База даних, авторизація й API-контракт | D11: Backend Developer | E11: =WORKDAY(MAX(H10,'User App'!H18),1,'Неробочі дні'!$A$2:$A$3) -> 46360 | F11: 2 дні 2 год 57 хв | G11: 3 | H11: =WORKDAY(E11,G11-1,'Неробочі дні'!$A$2:$A$3) -> 46364
B12: Courier App — Backend: реалізація | C12: Бізнес-логіка, API, unit tests, перевірка інтеграцій | D12: Backend Developer | E12: =WORKDAY(H11,1,'Неробочі дні'!$A$2:$A$3) -> 46365 | F12: 3 дні 4 год 26 хв | G12: 4 | H12: =WORKDAY(E12,G12-1,'Неробочі дні'!$A$2:$A$3) -> 46370
B13: Courier App — Frontend: основа | C13: Макети, екрани та mock API | D13: Frontend Developer | E13: =WORKDAY(MAX(H11,'User App'!H19),1,'Неробочі дні'!$A$2:$A$3) -> 46365 | F13: 2 дні 2 год 57 хв | G13: 3 | H13: =WORKDAY(E13,G13-1,'Неробочі дні'!$A$2:$A$3) -> 46367
B14: Courier App — Frontend: функції | C14: Інтеграція API, функції, unit tests | D14: Frontend Developer | E14: =WORKDAY(MAX(H13,H12),1,'Неробочі дні'!$A$2:$A$3) -> 46371 | F14: 3 дні 4 год 25 хв | G14: 4 | H14: =WORKDAY(E14,G14-1,'Неробочі дні'!$A$2:$A$3) -> 46374
B15: Courier App — DevOps | C15: Налаштування середовища, CI/CD та тестовий запуск | D15: DevOps Engineer | E15: =WORKDAY(H11,1,'Неробочі дні'!$A$2:$A$3) -> 46365 | F15: 2 год 30 хв | G15: 1 | H15: =WORKDAY(E15,G15-1,'Неробочі дні'!$A$2:$A$3) -> 46365
B16: Courier App — Первинне QA | C16: Функціональні тести, баг-репорти та перевірка сценаріїв | D16: QA Engineer | E16: =WORKDAY(MAX(H14,H15),1,'Неробочі дні'!$A$2:$A$3) -> 46377 | F16: 7 год 8 хв | G16: 1 | H16: =WORKDAY(E16,G16-1,'Неробочі дні'!$A$2:$A$3) -> 46377
B17: Courier App — Демо замовнику | C17: PM презентує MVP і збирає зауваження | D17: Project Manager | E17: =WORKDAY(H16,1,'Неробочі дні'!$A$2:$A$3) -> 46378 | F17: 1 год | G17: 1 | H17: =WORKDAY(E17,G17-1,'Неробочі дні'!$A$2:$A$3) -> 46378
B18: Courier App — Backend: правки | C18: Виправлення серверної частини за результатами демо | D18: Backend Developer | E18: =WORKDAY(H17,1,'Неробочі дні'!$A$2:$A$3) -> 46379 | F18: 7 год 36 хв | G18: 1 | H18: =WORKDAY(E18,G18-1,'Неробочі дні'!$A$2:$A$3) -> 46379
B19: Courier App — Frontend: правки | C19: Виправлення інтерфейсу за результатами демо | D19: Frontend Developer | E19: =WORKDAY(H17,1,'Неробочі дні'!$A$2:$A$3) -> 46379 | F19: 7 год 24 хв | G19: 1 | H19: =WORKDAY(E19,G19-1,'Неробочі дні'!$A$2:$A$3) -> 46379
B20: Courier App — Повторне QA | C20: QA перевіряє виправлення після розробників | D20: QA Engineer | E20: =WORKDAY(MAX(H18,H19),1,'Неробочі дні'!$A$2:$A$3) -> 46380 | F20: 3 год 3 хв | G20: 1 | H20: =WORKDAY(E20,G20-1,'Неробочі дні'!$A$2:$A$3) -> 46380
B21: Courier App — Фінальне погодження | C21: PM передає перевірений результат замовнику | D21: Project Manager | E21: =WORKDAY(H20,1,'Неробочі дні'!$A$2:$A$3) -> 46384 | F21: 30 хв | G21: 1 | H21: =WORKDAY(E21,G21-1,'Неробочі дні'!$A$2:$A$3) -> 46384
B22: Courier App — Постійний контроль PM | C22: PM перевіряє прогрес дизайну, розробки, QA, усуває блокери та контролює строки упродовж усього виконання | D22: Project Manager | E22: =E8 -> 46335 | F22: 1 день 1 год 35 хв | G22: =NETWORKDAYS(E22,H21,'Неробочі дні'!$A$2:$A$3) -> 35 | H22: =WORKDAY(E22,G22-1,'Неробочі дні'!$A$2:$A$3) -> 46384
A23: ЗАВЕРШЕННЯ ТА ПЕРЕДАЧА | B23: Підготовка плану запуску | C23: План запуску цього застосунку після його погодження; підготовка до спільного випуску | D23: PM / Backend / DevOps | E23: =WORKDAY(H21,1,'Неробочі дні'!$A$2:$A$3) -> 46385 | F23: 2 год | G23: 2 | H23: =WORKDAY(E23,G23-1,'Неробочі дні'!$A$2:$A$3) -> 46386
B24: Перевірка релізної збірки | C24: Регресійне тестування готового застосунку до спільного випуску | D24: QA Engineer | E24: =WORKDAY(H23,1,'Неробочі дні'!$A$2:$A$3) -> 46387 | F24: 31 хв 30 с | G24: 2 | H24: =WORKDAY(E24,G24-1,'Неробочі дні'!$A$2:$A$3) -> 46391
B25: Розгортання без відкриття доступу | C25: Підготовка й перевірка середовища та збірки; користувачі ще не отримують доступ | D25: DevOps Engineer | E25: =WORKDAY(H24,1,'Неробочі дні'!$A$2:$A$3) -> 46392 | F25: 1 год 45 хв | G25: 2 | H25: =WORKDAY(E25,G25-1,'Неробочі дні'!$A$2:$A$3) -> 46393
B26: Погодження готовності застосунку | C26: Команда підтверджує готовність цього застосунку до спільного випуску | D26: PM / Backend / DevOps / QA | E26: =WORKDAY(H25,1,'Неробочі дні'!$A$2:$A$3) -> 46394 | F26: 42 хв | G26: 1 | H26: =WORKDAY(E26,G26-1,'Неробочі дні'!$A$2:$A$3) -> 46394
B27: Спільне інтеграційне тестування | C27: Наскрізне замовлення: користувач, ресторан, кур’єр, адміністратор і підтримка | D27: QA / Backend | E27: =WORKDAY(MAX('Support Panel'!H26,'Admin Panel'!H26,'Restaurant App'!H26,'Courier App'!H26,'User App'!H26),1,'Неробочі дні'!$A$2:$A$3) -> 46449 | F27: 31 хв 30 с | G27: 1 | H27: =WORKDAY(E27,G27-1,'Неробочі дні'!$A$2:$A$3) -> 46449
B28: Спільний реліз Mega Delivery | C28: Одночасне відкриття доступу до всієї системи після готовності 5 застосунків | D28: PM / DevOps / QA | E28: =WORKDAY(MAX('Support Panel'!H27,'Admin Panel'!H27,'Restaurant App'!H27,'Courier App'!H27,'User App'!H27),1,'Неробочі дні'!$A$2:$A$3) -> 46450 | F28: 0 год (віха) | G28: 0 | H28: =E28 -> 46450
B29: Післярелізний моніторинг | C29: Контроль роботи після запуску — частка Courier App у спільному релізі | D29: PM / Backend / DevOps / QA | E29: =WORKDAY(H28,1,'Неробочі дні'!$A$2:$A$3) -> 46451 | F29: 1 год 3 хв | G29: 1 | H29: =WORKDAY(E29,G29-1,'Неробочі дні'!$A$2:$A$3) -> 46451
B30: * Червоні рамки — можливі затримки та їхні наслідки. Наведіть курсор для пояснення. Окремі сценарії не підсумовуються.

Sheet User App
D1: Планування | G1: Виконання | I1: Завершення | K1: Дедлайн
A3: Фази | B3: Задача | C3: Що входить | D3: Виконавець | E3: Старт | F3: Тривалість (дні, год, хв) | G3: Тривалість, дн | H3: Фініш | I3: =DATE(2026,10,26) -> 46321 | J3: =I3+1 -> 46322 | K3: =J3+1 -> 46323 | L3: =K3+1 -> 46324 | M3: =L3+1 -> 46325 | N3: =M3+1 -> 46326 | O3: =N3+1 -> 46327 | P3: =O3+1 -> 46328 | Q3: =P3+1 -> 46329 | ... EW3: =EV3+1 -> 46465
A4: ІНІЦІАЦІЯ ТА ПЛАНУВАННЯ | B4: Вимоги та Scope | C4: Збір вимог, цілі, конкуренти, MVP (спільне для 5 застосунків) | D4: Project Manager | E4: =DATE(2026,10,26) -> 46321 | F4: 4 год | G4: 1 | H4: =WORKDAY(E4,G4-1,'Неробочі дні'!$A$2:$A$3) -> 46321
B5: Планування проєкту | C5: Roadmap, WBS, RACI, ризики та календар (спільне для 5 застосунків) | D5: Project Manager | E5: =WORKDAY(H4,1,'Неробочі дні'!$A$2:$A$3) -> 46322 | F5: 4 год | G5: 1 | H5: =WORKDAY(E5,G5-1,'Неробочі дні'!$A$2:$A$3) -> 46322
B6: Уточнення плану застосунку | C6: Залежності, задачі й ресурсна оцінка | D6: Project Manager | E6: =WORKDAY(H5,1,'Неробочі дні'!$A$2:$A$3) -> 46323 | F6: 1 год | G6: 1 | H6: =WORKDAY(E6,G6-1,'Неробочі дні'!$A$2:$A$3) -> 46323
B7: Підтвердження Scope із замовником | C7: PM надсилає перелік функцій та основні строки; очікування не є роботою PM | D7: PM / Замовник | E7: =WORKDAY(H6,1,'Неробочі дні'!$A$2:$A$3) -> 46324 | F7: 30 хв | G7: 1 | H7: =WORKDAY(E7,G7-1,'Неробочі дні'!$A$2:$A$3) -> 46324
A8: ВИКОНАННЯ (ДИЗАЙН І РОЗРОБКА) | B8: User App — Макети та прототип | C8: Дизайнер готує макети, погоджує рішення з командою | D8: UX/UI Designer | E8: =WORKDAY(H7,1,'Неробочі дні'!$A$2:$A$3) -> 46325 | F8: 3 дні 6 год 30 хв | G8: 4 | H8: =WORKDAY(E8,G8-1,'Неробочі дні'!$A$2:$A$3) -> 46330
B9: User App — Рев’ю дизайну | C9: PM перевіряє макети, передає замовнику; дизайнер переходить до наступного застосунку | D9: Project Manager | E9: =WORKDAY(H8,1,'Неробочі дні'!$A$2:$A$3) -> 46331 | F9: 1 год 30 хв | G9: 1 | H9: =WORKDAY(E9,G9-1,'Неробочі дні'!$A$2:$A$3) -> 46331
B10: User App — Правки UX/UI | C10: Дизайнер враховує коментарі й фіналізує макети | D10: UX/UI Designer | E10: =WORKDAY(H9,1,'Неробочі дні'!$A$2:$A$3) -> 46332 | F10: 4 год | G10: 1 | H10: =WORKDAY(E10,G10-1,'Неробочі дні'!$A$2:$A$3) -> 46332
B11: User App — Backend: API-основа | C11: База даних, авторизація й API-контракт | D11: Backend Developer | E11: =WORKDAY(H10,1,'Неробочі дні'!$A$2:$A$3) -> 46335 | F11: 2 дні 6 год 2 хв | G11: 4 | H11: =WORKDAY(E11,G11-1,'Неробочі дні'!$A$2:$A$3) -> 46338
B12: User App — Backend: реалізація | C12: Бізнес-логіка, API, unit tests, перевірка інтеграцій | D12: Backend Developer | E12: =WORKDAY(H11,1,'Неробочі дні'!$A$2:$A$3) -> 46339 | F12: 4 дні 1 год 3 хв | G12: 5 | H12: =WORKDAY(E12,G12-1,'Неробочі дні'!$A$2:$A$3) -> 46345
B13: User App — Frontend: основа | C13: Макети, екрани та mock API | D13: Frontend Developer | E13: =WORKDAY(H11,1,'Неробочі дні'!$A$2:$A$3) -> 46339 | F13: 2 дні 6 год 32 хв | G13: 3 | H13: =WORKDAY(E13,G13-1,'Неробочі дні'!$A$2:$A$3) -> 46343
B14: User App — Frontend: функції | C14: Інтеграція API, функції, unit tests | D14: Frontend Developer | E14: =WORKDAY(MAX(H13,H12),1,'Неробочі дні'!$A$2:$A$3) -> 46346 | F14: 4 дні 1 год 48 хв | G14: 5 | H14: =WORKDAY(E14,G14-1,'Неробочі дні'!$A$2:$A$3) -> 46352
B15: User App — DevOps | C15: Налаштування середовища, CI/CD та тестовий запуск | D15: DevOps Engineer | E15: =WORKDAY(H11,1,'Неробочі дні'!$A$2:$A$3) -> 46339 | F15: 2 год 30 хв | G15: 1 | H15: =WORKDAY(E15,G15-1,'Неробочі дні'!$A$2:$A$3) -> 46339
B16: User App — Первинне QA | C16: Функціональні тести, баг-репорти та перевірка сценаріїв | D16: QA Engineer | E16: =WORKDAY(MAX(H14,H15),1,'Неробочі дні'!$A$2:$A$3) -> 46353 | F16: 1 день 40 хв | G16: 2 | H16: =WORKDAY(E16,G16-1,'Неробочі дні'!$A$2:$A$3) -> 46356
B17: User App — Демо замовнику | C17: PM презентує MVP і збирає зауваження | D17: Project Manager | E17: =WORKDAY(H16,1,'Неробочі дні'!$A$2:$A$3) -> 46357 | F17: 1 год | G17: 1 | H17: =WORKDAY(E17,G17-1,'Неробочі дні'!$A$2:$A$3) -> 46357
B18: User App — Backend: правки | C18: Виправлення серверної частини за результатами демо | D18: Backend Developer | E18: =WORKDAY(H17,1,'Неробочі дні'!$A$2:$A$3) -> 46358 | F18: 1 день 48 хв | G18: 2 | H18: =WORKDAY(E18,G18-1,'Неробочі дні'!$A$2:$A$3) -> 46359
B19: User App — Frontend: правки | C19: Виправлення інтерфейсу за результатами демо | D19: Frontend Developer | E19: =WORKDAY(H17,1,'Неробочі дні'!$A$2:$A$3) -> 46358 | F19: 1 день 48 хв | G19: 2 | H19: =WORKDAY(E19,G19-1,'Неробочі дні'!$A$2:$A$3) -> 46359
B20: User App — Повторне QA | C20: QA перевіряє виправлення після розробників | D20: QA Engineer | E20: =WORKDAY(MAX(H18,H19),1,'Неробочі дні'!$A$2:$A$3) -> 46360 | F20: 3 год 43 хв | G20: 1 | H20: =WORKDAY(E20,G20-1,'Неробочі дні'!$A$2:$A$3) -> 46360
B21: User App — Фінальне погодження | C21: PM передає перевірений результат замовнику | D21: Project Manager | E21: =WORKDAY(H20,1,'Неробочі дні'!$A$2:$A$3) -> 46363 | F21: 30 хв | G21: 1 | H21: =WORKDAY(E21,G21-1,'Неробочі дні'!$A$2:$A$3) -> 46363
B22: User App — Постійний контроль PM | C22: PM перевіряє прогрес дизайну, розробки, QA, усуває блокери та контролює строки упродовж усього виконання | D22: Project Manager | E22: =E8 -> 46325 | F22: 5 год 51 хв | G22: =NETWORKDAYS(E22,H21,'Неробочі дні'!$A$2:$A$3) -> 27 | H22: =WORKDAY(E22,G22-1,'Неробочі дні'!$A$2:$A$3) -> 46363
A23: ЗАВЕРШЕННЯ ТА ПЕРЕДАЧА | B23: Підготовка плану запуску | C23: План запуску цього застосунку після його погодження; підготовка до спільного випуску | D23: PM / Backend / DevOps | E23: =WORKDAY(H21,1,'Неробочі дні'!$A$2:$A$3) -> 46364 | F23: 2 год | G23: 2 | H23: =WORKDAY(E23,G23-1,'Неробочі дні'!$A$2:$A$3) -> 46365
B24: Перевірка релізної збірки | C24: Регресійне тестування готового застосунку до спільного випуску | D24: QA Engineer | E24: =WORKDAY(H23,1,'Неробочі дні'!$A$2:$A$3) -> 46366 | F24: 31 хв 30 с | G24: 2 | H24: =WORKDAY(E24,G24-1,'Неробочі дні'!$A$2:$A$3) -> 46367
B25: Розгортання без відкриття доступу | C25: Підготовка й перевірка середовища та збірки; користувачі ще не отримують доступ | D25: DevOps Engineer | E25: =WORKDAY(H24,1,'Неробочі дні'!$A$2:$A$3) -> 46370 | F25: 1 год 45 хв | G25: 2 | H25: =WORKDAY(E25,G25-1,'Неробочі дні'!$A$2:$A$3) -> 46371
B26: Погодження готовності застосунку | C26: Команда підтверджує готовність цього застосунку до спільного випуску | D26: PM / Backend / DevOps / QA | E26: =WORKDAY(H25,1,'Неробочі дні'!$A$2:$A$3) -> 46372 | F26: 42 хв | G26: 1 | H26: =WORKDAY(E26,G26-1,'Неробочі дні'!$A$2:$A$3) -> 46372
B27: Спільне інтеграційне тестування | C27: Наскрізне замовлення: користувач, ресторан, кур’єр, адміністратор і підтримка | D27: QA / Backend | E27: =WORKDAY(MAX('Support Panel'!H26,'Admin Panel'!H26,'Restaurant App'!H26,'Courier App'!H26,'User App'!H26),1,'Неробочі дні'!$A$2:$A$3) -> 46449 | F27: 31 хв 30 с | G27: 1 | H27: =WORKDAY(E27,G27-1,'Неробочі дні'!$A$2:$A$3) -> 46449
B28: Спільний реліз Mega Delivery | C28: Одночасне відкриття доступу до всієї системи після готовності 5 застосунків | D28: PM / DevOps / QA | E28: =WORKDAY(MAX('Support Panel'!H27,'Admin Panel'!H27,'Restaurant App'!H27,'Courier App'!H27,'User App'!H27),1,'Неробочі дні'!$A$2:$A$3) -> 46450 | F28: 0 год (віха) | G28: 0 | H28: =E28 -> 46450
B29: Післярелізний моніторинг | C29: Контроль роботи після запуску — частка User App у спільному релізі | D29: PM / Backend / DevOps / QA | E29: =WORKDAY(H28,1,'Неробочі дні'!$A$2:$A$3) -> 46451 | F29: 1 год 3 хв | G29: 1 | H29: =WORKDAY(E29,G29-1,'Неробочі дні'!$A$2:$A$3) -> 46451
B30: * Червоні рамки — можливі затримки та їхні наслідки. Наведіть курсор для пояснення. Окремі сценарії не підсумовуються.

Sheet Неробочі дні
A1: Дата | B1: Свято / домовлений вихідний
A2: =DATE(2026,12,25) -> 46381 | B2: Різдво — вихідний за планом проєкту
A3: =DATE(2027,1,1) -> 46388 | B3: Новий рік — вихідний за планом проєкту
